,Product_Names,Product_Prices,Sale_Products
0,[‡∏•‡∏π‡∏Å‡∏Ñ‡πâ‡∏≤‡πÉ‡∏´‡∏°‡πà 1 ‡∏ö‡∏≤‡∏ó] 22cm ‡∏´‡∏°‡πâ‡∏≠‡πÑ‡∏ü‡∏ü‡πâ‡∏≤‡πÄ‡∏≠‡∏ô‡∏Å‡∏õ‡∏£‡∏∞‡∏™‡∏á‡∏Ñ‡πå ‡∏ó‡∏≠‡∏î ‡∏≠‡∏∏‡πà‡∏ô ‡∏ï‡∏∏‡πã‡∏ô ‡∏ï‡πâ‡∏° ‡∏ô‡∏∂‡πà‡∏á ‡∏´‡∏°‡πâ‡∏≠‡πÄ‡∏ó‡∏ü‡∏•‡πà‡∏≠‡∏ô ‡∏´‡∏°‡πâ‡∏≠‡∏™‡∏∏‡∏Å‡∏µ‡πâ ‡∏ä‡∏≤‡∏ö‡∏π,‡∏ø147,‡∏Ç‡∏≤‡∏¢‡πÅ‡∏•‡πâ‡∏ß 2.8‡∏û‡∏±‡∏ô ‡∏ä‡∏¥‡πâ‡∏ô
1,‡∏´‡∏π‡∏ü‡∏±‡∏á‡∏ö‡∏•‡∏π‡∏ó‡∏π‡∏ò‡πÑ‡∏£‡πâ‡∏™‡∏≤‡∏¢ ‡∏™‡πÄ‡∏ï‡∏≠‡∏£‡∏¥‡πÇ‡∏≠ ‡πÄ‡∏™‡∏µ‡∏¢‡∏á‡∏ä‡∏±‡∏î HD Voice TWS Wireless bluetooth V5.1 headset Earphone Earbud ‡∏£‡∏∏‡πà‡∏ô:M10„ÄÅM10B‡πÅ‡∏ñ‡∏°‡∏Å‡∏£‡∏∞‡πÄ‡∏õ‡πã‡∏≤,‡∏ø135,‡∏Ç‡∏≤‡∏¢‡πÅ‡∏•‡πâ‡∏ß 15‡∏û‡∏±‡∏ô ‡∏ä‡∏¥‡πâ‡∏ô
2,‡∏Å‡∏£‡∏∞‡∏î‡∏≤‡∏©‡∏ó‡∏¥‡∏ä‡∏ä‡∏π‡πà ‡∏Å‡∏£‡∏∞‡∏î‡∏≤‡∏©‡∏ó‡∏¥‡∏ä‡∏ä‡∏π‡πà‡∏û‡∏Å‡∏û‡∏≤ ‡∏Å‡∏£‡∏∞‡∏î‡∏≤‡∏©‡πÄ‡∏ä‡πá‡∏î‡∏´‡∏ô‡πâ‡∏≤ ‡∏ó‡∏¥‡∏ä‡∏ä‡∏π‡πà‡∏ó‡∏≥‡∏Ñ‡∏ß‡∏≤‡∏°‡∏™‡∏∞‡∏≠‡∏≤‡∏î ‡∏ô‡∏∏‡πà‡∏° ‡∏£‡∏≤‡∏Ñ‡∏≤‡∏ñ‡∏π‡∏Å ‡∏Ñ‡∏∏‡∏ì‡∏†‡∏≤‡∏û‡∏î‡∏µ*****(1‡∏•‡∏±‡∏á‡∏°‡∏µ 40‡∏´‡πà‡∏≠) *****,‡∏ø195,‡∏Ç‡∏≤‡∏¢‡πÅ‡∏•‡πâ‡∏ß 859 ‡∏ä‡∏¥‡πâ‡∏ô
3,‡πÄ‡∏Å‡πâ‡∏≤‡∏≠‡∏µ‡πâ ‡πÄ‡∏Å‡πâ‡∏≤‡∏≠‡∏µ‡πâ‡∏™‡∏ô‡∏≤‡∏° ‡πÄ‡∏Å‡πâ‡∏≤‡∏≠‡∏µ‡πâ‡∏û‡∏±‡∏ö ‡πÄ‡∏Å‡πâ‡∏≤‡∏≠‡∏µ‡πâ‡∏õ‡∏¥‡∏Ñ‡∏ô‡∏¥‡∏Ñ ‡∏û‡∏±‡∏ö‡πÑ‡∏î‡πâ ‡πÄ‡∏Å‡πâ‡∏≤‡∏≠‡∏µ‡πâ‡∏™‡∏ô‡∏≤‡∏°‡∏û‡∏±‡∏ö ‡πÄ‡∏Å‡πâ‡∏≤‡∏≠‡∏µ‡πâ‡∏û‡∏±‡∏ö‡∏û‡∏Å‡∏û‡∏≤ ‡πÄ‡∏Å‡πâ‡∏≤‡∏≠‡∏µ‡πâ‡∏ä‡∏≤‡∏¢‡∏´‡∏≤,‡∏ø193,‡∏Ç‡∏≤‡∏¢‡πÅ‡∏•‡πâ‡∏ß 17.7‡∏û‡∏±‡∏ô ‡∏ä‡∏¥‡πâ‡∏ô
4,‡∏û‡∏£‡πâ‡∏≠‡∏°‡∏™‡πà‡∏á‡∏à‡∏≤‡∏Å‡πÑ‡∏ó‡∏¢ üçí‡πÅ‡∏Å‡πâ‡∏ß‡πÄ‡∏Å‡πá‡∏ö‡∏Ñ‡∏ß‡∏≤‡∏°‡πÄ‡∏¢‡πá‡∏ô TYESO ‡πÅ‡∏Å‡πâ‡∏ß‡πÄ‡∏Å‡πá‡∏ö‡∏Ñ‡∏ß‡∏≤‡∏°‡πÄ‡∏¢‡πá‡∏ô 30oz‡πÅ‡∏Å‡πâ‡∏ß‡πÄ‡∏Å‡πá‡∏ö‡∏Ñ‡∏ß‡∏≤‡∏°‡πÄ‡∏¢‡πá‡∏ô ‡πÄ‡πÄ‡∏Å‡πâ‡∏ß‡πÄ‡∏Å‡πá‡∏ö‡∏Ñ‡∏ß‡∏≤‡∏°‡πÄ‡∏¢‡πá‡∏ô  ‡∏™‡πÅ‡∏ï‡∏ô‡πÄ‡∏•‡∏™‡πÅ‡∏ó‡πâ Ôºà526Ôºâ,‡∏ø149,‡∏Ç‡∏≤‡∏¢‡πÅ‡∏•‡πâ‡∏ß 2.3‡∏û‡∏±‡∏ô ‡∏ä‡∏¥‡πâ‡∏ô
5,Kemei ‡∏£‡∏∏‡πà‡∏ô KM-418 ‡∏õ‡∏±‡∏ï‡∏ï‡∏≤‡πÄ‡∏•‡∏µ‡πà‡∏¢‡∏ô‡πÑ‡∏£‡πâ‡∏™‡∏≤‡∏¢ ‡πÇ‡∏Å‡∏ô‡∏´‡∏ô‡∏ß‡∏î ‡∏ï‡∏±‡∏î‡∏ú‡∏° ‡∏Ç‡∏ô‡∏≤‡∏î‡∏û‡∏≠‡∏î‡∏µ‡∏°‡∏∑‡∏≠,‡∏ø159,‡∏Ç‡∏≤‡∏¢‡πÅ‡∏•‡πâ‡∏ß 4.1‡∏û‡∏±‡∏ô ‡∏ä‡∏¥‡πâ‡∏ô
6,[‡∏•‡∏π‡∏Å‡∏Ñ‡πâ‡∏≤‡πÉ‡∏´‡∏°‡πà 1‡∏ø/‡πÉ‡∏™‡πà‡πÇ‡∏Ñ‡πâ‡∏î 7BETS4 ‡∏•‡∏î 30‡∏ø] ‡∏ä‡∏∏‡∏î‡∏ñ‡∏±‡∏á‡∏õ‡∏±‡πà‡∏ô‡∏™‡πÅ‡∏ï‡∏ô‡πÄ‡∏•‡∏™ + ‡πÑ‡∏°‡πâ‡∏ñ‡∏π‡∏û‡∏∑‡πâ‡∏ô Spin Mop ‡∏û‡∏£‡πâ‡∏≠‡∏°‡∏ú‡πâ‡∏≤‡∏°‡πä‡∏≠‡∏ö‡πÑ‡∏°‡πÇ‡∏Ñ‡∏£‡πÑ‡∏ü‡πÄ‡∏ö‡∏≠‡∏£‡πå ‡∏™‡∏õ‡∏¥‡∏ô‡∏°‡πá‡∏≠‡∏ö ‡∏ñ‡∏±‡∏á‡∏ñ‡∏π‡∏û‡∏∑‡πâ‡∏ô,‡∏ø59,‡∏Ç‡∏≤‡∏¢‡πÅ‡∏•‡πâ‡∏ß 3.9‡∏û‡∏±‡∏ô ‡∏ä‡∏¥‡πâ‡∏ô
7,[ üî• ‡πÇ‡∏Ñ‡πâ‡∏î BDTOO30 ‡∏•‡∏î 30 ‡∏ö‡∏≤‡∏ó  ] Ozoopu ‡∏Å‡∏≤‡∏ï‡πâ‡∏°‡∏ô‡πâ‡∏≥‡πÑ‡∏ü‡∏ü‡πâ‡∏≤‡∏™‡πÅ‡∏ï‡∏ô‡πÄ‡∏•‡∏™ 2 ‡∏•‡∏¥‡∏ï‡∏£ ‡∏Å‡∏≤‡∏ï‡πâ‡∏°‡∏ô‡πâ‡∏≥‡πÑ‡∏ü‡∏ü‡πâ‡∏≤ ‡∏Å‡∏≤‡∏ï‡πâ‡∏°‡∏ô‡πâ‡∏≥ ‡∏Å‡∏≤‡∏ô‡πâ‡∏≥‡∏£‡πâ‡∏≠‡∏ô ‡∏Å‡∏≤‡∏ï‡πâ‡∏°‡∏ô‡πâ‡∏≥‡∏ù‡∏≤‡∏û‡∏•‡∏≤‡∏™‡∏ï‡∏¥‡∏Å,‡∏ø119,‡∏Ç‡∏≤‡∏¢‡πÅ‡∏•‡πâ‡∏ß 7.4‡∏û‡∏±‡∏ô ‡∏ä‡∏¥‡πâ‡∏ô
8,‡∏°‡∏≤‡∏°‡πà‡∏≤ ‡∏ö‡∏∞‡∏´‡∏°‡∏µ‡πà‡∏Å‡∏∂‡πà‡∏á‡∏™‡πç‡∏≤‡πÄ‡∏£‡πá‡∏à‡∏£‡∏π‡∏õ x 30 ‡∏ã‡∏≠‡∏á (‡∏¢‡∏Å‡∏•‡∏±‡∏á),‡∏ø220,‡∏Ç‡∏≤‡∏¢‡πÅ‡∏•‡πâ‡∏ß 5.1‡∏û‡∏±‡∏ô ‡∏ä‡∏¥‡πâ‡∏ô
9,[‡∏•‡∏π‡∏Å‡∏Ñ‡πâ‡∏≤‡πÉ‡∏´‡∏°‡πà1‡∏ø]HAN RIVER HRHD01BK ‡πÑ‡∏î‡∏£‡πå‡πÄ‡∏õ‡πà‡∏≤‡∏ú‡∏° ‡∏Ç‡∏ô‡∏≤‡∏î‡∏û‡∏Å‡∏û‡∏≤ 2200W ‡∏õ‡∏£‡∏±‡∏ö‡∏•‡∏°‡πÑ‡∏î‡πâ 3 ‡∏£‡∏∞‡∏î‡∏±‡∏ö ‡∏ú‡∏°‡πÅ‡∏´‡πâ‡∏á‡πÑ‡∏ß ‡πÑ‡∏°‡πà‡∏ó‡∏≥‡∏•‡∏≤‡∏¢‡πÄ‡∏™‡πâ‡∏ô‡∏ú‡∏°,‡∏ø179,‡∏Ç‡∏≤‡∏¢‡πÅ‡∏•‡πâ‡∏ß 29.2‡∏û‡∏±‡∏ô ‡∏ä‡∏¥‡πâ‡∏ô
10,Sunsilk Co-creation ‡πÅ‡∏ä‡∏°‡∏û‡∏π‡∏ã‡∏±‡∏ô‡∏ã‡∏¥‡∏• ‡πÅ‡∏û‡πá‡∏Ñ‡∏Ñ‡∏π‡πà (‡πÅ‡∏ä‡∏°‡∏û‡∏π+‡πÅ‡∏ä‡∏°‡∏û‡∏π) ‡∏Ç‡∏ô‡∏≤‡∏î 350 ‡∏°‡∏•.,‡∏ø159,‡∏Ç‡∏≤‡∏¢‡πÅ‡∏•‡πâ‡∏ß 1.7‡∏û‡∏±‡∏ô ‡∏ä‡∏¥‡πâ‡∏ô
11,Silicone Anti-shock Wireless Earphone Full Protective Cover Case for Air-pods 1 2,‡∏ø1,‡∏Ç‡∏≤‡∏¢‡πÅ‡∏•‡πâ‡∏ß 8.5‡∏û‡∏±‡∏ô ‡∏ä‡∏¥‡πâ‡∏ô
12,‡πÄ‡∏ï‡∏≤‡∏õ‡∏¥‡πâ‡∏á‡∏¢‡πà‡∏≤‡∏á ‡∏Å‡∏£‡∏∞‡∏ó‡∏∞‡∏õ‡∏¥‡πâ‡∏á‡∏¢‡πà‡∏≤‡∏á‡πÑ‡∏ü‡∏ü‡πâ‡∏≤‡∏´‡∏°‡πâ‡∏≠‡∏™‡∏∏‡∏Å‡∏µ‡πâ2IN1‡∏´‡∏°‡πâ‡∏≠‡∏Å‡∏£‡∏∞‡∏ó‡∏∞‡πÄ‡∏ï‡∏≤‡∏õ‡∏¥‡πâ‡∏á‡∏¢‡πà‡∏≤‡∏á ‡∏´‡∏°‡πâ‡∏≠‡∏õ‡∏¥‡πâ‡∏á‡∏¢‡πà‡∏≤‡∏á ‡πÄ‡∏´‡∏°‡∏≤‡∏∞‡∏™‡∏≥‡∏´‡∏£‡∏±‡∏ö‡∏£‡∏±‡∏ö‡∏õ‡∏£‡∏∞‡∏ó‡∏≤‡∏ô3-4,‡∏ø359,‡∏Ç‡∏≤‡∏¢‡πÅ‡∏•‡πâ‡∏ß 9.8‡∏û‡∏±‡∏ô ‡∏ä‡∏¥‡πâ‡∏ô
13,‡∏ä‡∏±‡πâ‡∏ô‡∏ß‡∏≤‡∏á‡∏£‡∏≠‡∏á‡πÄ‡∏ó‡πâ‡∏≤ (XM1) ‡∏ä‡∏±‡πâ‡∏ô‡∏≠‡πÄ‡∏ô‡∏Å‡∏õ‡∏£‡∏∞‡∏™‡∏á‡∏Ñ‡πå 4 ‡∏ä‡∏±‡πâ‡∏ô  ‡∏ä‡∏±‡πâ‡∏ô‡∏ß‡∏≤‡∏á‡∏£‡∏≠‡∏á‡πÄ‡∏ó‡πâ‡∏≤ ‡∏£‡∏≤‡∏ß‡∏ï‡∏≤‡∏Å‡∏ú‡πâ‡∏≤‡∏û‡∏£‡πâ‡∏≠‡∏°‡∏ä‡∏±‡πâ‡∏ô‡∏ß‡∏≤‡∏á‡∏Ç‡∏≠‡∏á‡∏≠‡πÄ‡∏ô‡∏Å‡∏õ‡∏£‡∏∞‡∏™‡∏á‡∏Ñ‡πå *‡∏û‡∏£‡πâ‡∏≠‡∏°‡∏™‡πà‡∏á*,‡∏ø199,‡∏Ç‡∏≤‡∏¢‡πÅ‡∏•‡πâ‡∏ß 740 ‡∏ä‡∏¥‡πâ‡∏ô
14,‡πÅ‡∏ó‡πâüíØ% Cosmic hair remover ‡∏Ñ‡∏≠‡∏™‡∏°‡∏¥‡∏Ñ ‡∏°‡∏π‡∏™‡∏Å‡∏≥‡∏à‡∏±‡∏î‡∏Ç‡∏ô‡∏Ñ‡∏≠‡∏™‡∏°‡∏¥‡∏Ñ ‡∏Ç‡∏ô‡∏≤‡∏î 100ml.,‡∏ø179,‡∏Ç‡∏≤‡∏¢‡πÅ‡∏•‡πâ‡∏ß 17.3‡∏û‡∏±‡∏ô ‡∏ä‡∏¥‡πâ‡∏ô
15,[‡πÉ‡∏™‡πà‡πÇ‡∏Ñ‡πâ‡∏î XQPJUF ‡∏•‡∏î 5.-] ‡πÄ‡∏Ñ‡∏£‡∏∑‡πà‡∏≠‡∏á‡∏õ‡∏±‡πà‡∏ô‡∏≠‡πÄ‡∏ô‡∏Å‡∏õ‡∏£‡∏∞‡∏™‡∏á‡∏Ñ‡πå ‡πÄ‡∏Ñ‡∏£‡∏∑‡πà‡∏≠‡∏á‡∏ö‡∏î‡∏≠‡∏≤‡∏´‡∏≤‡∏£ (‡∏Ñ‡∏•‡∏∞‡∏™‡∏µ),‡∏ø189,‡∏Ç‡∏≤‡∏¢‡πÅ‡∏•‡πâ‡∏ß 15.3‡∏û‡∏±‡∏ô ‡∏ä‡∏¥‡πâ‡∏ô
16,‡∏™‡∏£‡∏∞‡πÄ‡∏õ‡πà‡∏≤‡∏•‡∏°‡∏™‡∏≥‡∏´‡∏£‡∏±‡∏ö‡πÄ‡∏î‡πá‡∏Å ‡∏™‡∏£‡∏∞‡πÄ‡∏õ‡πà‡∏≤‡∏•‡∏°‡∏™‡∏≥‡∏´‡∏£‡∏±‡∏ö‡πÄ‡∏î‡πá‡∏Å ‡∏™‡∏£‡∏∞‡∏ß‡πà‡∏≤‡∏¢‡∏ô‡πâ‡∏≥‡∏°‡∏µ‡∏ü‡∏±‡∏á‡∏Å‡πå‡∏ä‡∏±‡πà‡∏ô‡∏Å‡∏±‡∏ô‡∏•‡∏∑‡πà‡∏ô ‡∏™‡∏£‡∏∞‡πÇ‡∏≠‡πÄ‡∏ä‡∏µ‡πà‡∏¢‡∏ô‡∏ö‡∏≠‡∏• ‡∏´‡∏ô‡∏≤ 90/120/150 ‡∏ã‡∏°. ‡πÅ‡∏´‡∏ß‡∏ô‡∏ß‡πà‡∏≤‡∏¢‡∏ô‡πâ‡∏≥‡πÄ‡∏î‡πá‡∏Å.,‡∏ø98,‡∏Ç‡∏≤‡∏¢‡πÅ‡∏•‡πâ‡∏ß 452 ‡∏ä‡∏¥‡πâ‡∏ô
17,[‡∏•‡∏π‡∏Å‡∏Ñ‡πâ‡∏≤‡πÉ‡∏´‡∏°‡πà 1‡∏ø]‡∏ä‡∏∏‡∏î‡∏ñ‡∏±‡∏á‡∏õ‡∏±‡πà‡∏ô‡∏™‡πÅ‡∏ï‡∏ô‡πÄ‡∏•‡∏™ + ‡πÑ‡∏°‡πâ‡∏ñ‡∏π‡∏û‡∏∑‡πâ‡∏ô Spin Mop ‡∏û‡∏£‡πâ‡∏≠‡∏°‡∏ú‡πâ‡∏≤‡∏°‡πä‡∏≠‡∏ö‡πÑ‡∏°‡πÇ‡∏Ñ‡∏£‡πÑ‡∏ü‡πÄ‡∏ö‡∏≠‡∏£‡πå ‡∏™‡∏õ‡∏¥‡∏ô‡∏°‡πá‡∏≠‡∏ö ‡∏ñ‡∏±‡∏á‡∏ñ‡∏π‡∏û‡∏∑‡πâ‡∏ô ‡πÑ‡∏°‡πâ‡∏°‡πá‡∏≠‡∏ö D001 D002 D003,‡∏ø53,‡∏Ç‡∏≤‡∏¢‡πÅ‡∏•‡πâ‡∏ß 8.7‡∏û‡∏±‡∏ô ‡∏ä‡∏¥‡πâ‡∏ô
18,[‡∏•‡∏π‡∏Å‡∏Ñ‡πâ‡∏≤‡πÉ‡∏´‡∏°‡πà 1 ‡∏ö‡∏≤‡∏ó] Luckyfriend ‡πÄ‡∏Å‡πâ‡∏≤‡∏≠‡∏µ‡πâ‡∏õ‡∏¥‡∏Ñ‡∏ô‡∏¥‡∏Ñ‡∏û‡∏±‡∏ö‡πÑ‡∏î‡πâ ‡πÄ‡∏Å‡πâ‡∏≤‡∏≠‡∏µ‡πâ‡∏™‡∏≥‡∏´‡∏£‡∏±‡∏ö‡πÅ‡∏Ñ‡∏°‡∏õ‡πå‡∏õ‡∏¥‡πâ‡∏á,‡∏ø162,‡∏Ç‡∏≤‡∏¢‡πÅ‡∏•‡πâ‡∏ß 15.8‡∏û‡∏±‡∏ô ‡∏ä‡∏¥‡πâ‡∏ô
19,[‡πÉ‡∏™‡πà‡πÇ‡∏Ñ‡πâ‡∏î P3D4TF5 ‡∏•‡∏î 45 ‡∏ó‡∏±‡∏ô‡∏ó‡∏µ] ‡∏ó‡∏µ‡πà‡∏´‡∏ô‡∏µ‡∏ö‡∏ú‡∏° CKL719 CKL-719 / CKL552 ‡∏´‡∏ô‡∏µ‡∏ö‡πÄ‡∏á‡∏≤ ‡∏Ç‡∏≠‡∏á‡πÅ‡∏ó‡πâ100% ‡∏ó‡∏µ‡πà‡∏´‡∏ô‡∏µ‡∏ö‡∏ú‡∏° ‡πÄ‡∏Ñ‡∏£‡∏∑‡πà‡∏≠‡∏á‡∏´‡∏ô‡∏µ‡∏ö‡∏ú‡∏° ‡∏°‡πâ‡∏ß‡∏ô‡∏ú‡∏° ,‡∏ø165,‡∏Ç‡∏≤‡∏¢‡πÅ‡∏•‡πâ‡∏ß 1.3‡∏û‡∏±‡∏ô ‡∏ä‡∏¥‡πâ‡∏ô
20,‡πÅ‡∏ó‡πâüíØ% ‡∏Å‡∏±‡∏ô‡πÅ‡∏î‡∏î‡∏£‡∏≤‡∏ä‡∏¥ RACHI SPF 50PA+++ Extra UV Protection,‡∏ø135,‡∏Ç‡∏≤‡∏¢‡πÅ‡∏•‡πâ‡∏ß 19.4‡∏û‡∏±‡∏ô ‡∏ä‡∏¥‡πâ‡∏ô
21,SMARTHOME ‡∏Å‡∏≤‡∏ï‡πâ‡∏°‡∏ô‡πâ‡∏≥‡πÑ‡∏£‡πâ‡∏™‡∏≤‡∏¢‡∏™‡πÅ‡∏ï‡∏ô‡πÄ‡∏•‡∏™ 1.8‡∏•‡∏¥‡∏ï‡∏£ ‡∏£‡∏∏‡πà‡∏ô CA-1009,‡∏ø219,‡∏Ç‡∏≤‡∏¢‡πÅ‡∏•‡πâ‡∏ß 9.2‡∏û‡∏±‡∏ô ‡∏ä‡∏¥‡πâ‡∏ô
22,bonkyo ‡πÄ‡∏Ñ‡∏£‡∏∑‡πà‡∏≠‡∏á‡∏ä‡∏±‡πà‡∏á‡∏ô‡πâ‡∏≥‡∏´‡∏ô‡∏±‡∏Å‡∏≠‡∏¥‡πÄ‡∏•‡πá‡∏Å‡∏ó‡∏£‡∏≠‡∏ô‡∏¥‡∏Å‡∏™‡πå ‡πÄ‡∏Ñ‡∏£‡∏∑‡πà‡∏≠‡∏á‡∏ä‡∏±‡πà‡∏á‡∏ô‡πâ‡∏≥‡∏´‡∏ô‡∏±‡∏Å‡∏£‡πà‡∏≤‡∏á‡∏Å‡∏≤‡∏¢ ‡πÄ‡∏Ñ‡∏£‡∏∑‡πà‡∏≠‡∏á‡∏ä‡∏±‡πà‡∏á‡∏ô‡πâ‡∏≥‡∏´‡∏ô‡∏±‡∏Å ‡πÄ‡∏Ñ‡∏£‡∏∑‡πà‡∏≠‡∏á‡∏ä‡∏±‡πà‡∏á‡∏ô‡πâ‡∏≥‡∏´‡∏ô‡∏±‡∏Å‡∏™‡∏∏‡∏Ç‡∏†‡∏≤‡∏û  ‡πÄ‡∏Ñ‡∏£‡∏∑‡πà‡∏≠‡∏á‡∏ä‡∏±‡πà‡∏á‡∏ô‡πâ‡∏≥‡∏´‡∏ô‡∏±‡∏Å‡∏ó‡∏µ‡πà‡πÅ‡∏°‡πà‡∏ô‡∏¢‡∏≥,‡∏ø149,‡∏Ç‡∏≤‡∏¢‡πÅ‡∏•‡πâ‡∏ß 1.5‡∏û‡∏±‡∏ô ‡∏ä‡∏¥‡πâ‡∏ô
23,(‡πÇ‡∏Ñ‡πâ‡∏î L854HV ‡∏•‡∏î‡∏ó‡∏±‡∏ô‡∏ó‡∏µ 15% ‡∏™‡∏π‡∏á‡∏™‡∏∏‡∏î 30 )‡πÄ‡∏Å‡πâ‡∏≤‡∏≠‡∏µ‡πâ‡∏õ‡∏¥‡∏Ñ‡∏ô‡∏¥‡∏Ñ ‡πÄ‡∏Å‡πâ‡∏≤‡∏≠‡∏µ‡πâ‡∏™‡∏ô‡∏≤‡∏°‡πÅ‡∏ö‡∏ö‡∏û‡∏Å‡∏û‡∏≤ ‡πÄ‡∏Å‡πâ‡∏≤‡∏≠‡∏µ‡πâ‡∏û‡∏±‡∏ö‡πÑ‡∏î‡πâ ‡∏°‡∏µ‡∏ñ‡∏∏‡∏á‡πÉ‡∏™‡πà‡∏´‡∏π‡∏´‡∏¥‡πâ‡∏ß,‡∏ø185,‡∏Ç‡∏≤‡∏¢‡πÅ‡∏•‡πâ‡∏ß 1.8‡∏û‡∏±‡∏ô ‡∏ä‡∏¥‡πâ‡∏ô
24,Inmyhome ‡∏£‡∏≤‡∏ß‡πÇ‡∏Ñ‡∏£‡πÄ‡∏°‡∏µ‡πà‡∏¢‡∏° ‡∏£‡∏≤‡∏ß‡πÄ‡∏î‡∏µ‡πà‡∏¢‡∏ß ‡∏£‡∏≤‡∏ß‡πÅ‡∏°‡πà‡∏Ñ‡πâ‡∏≤ ‡∏£‡∏≤‡∏ß‡∏Ç‡∏≤‡∏¢‡∏Ç‡∏≠‡∏á ‡∏£‡∏≤‡∏ß‡∏ï‡∏≤‡∏Å‡∏ú‡πâ‡∏≤ ‡∏ñ‡∏≠‡∏î‡∏õ‡∏£‡∏∞‡∏Å‡∏≠‡∏ö‡πÑ‡∏î‡πâ ‡∏û‡∏£‡πâ‡∏≠‡∏°‡∏™‡πà‡∏á^^,‡∏ø169,‡∏Ç‡∏≤‡∏¢‡πÅ‡∏•‡πâ‡∏ß 2‡∏û‡∏±‡∏ô ‡∏ä‡∏¥‡πâ‡∏ô
25,[ üî• ‡πÇ‡∏Ñ‡πâ‡∏î BDTOO30 ‡∏•‡∏î 30 ‡∏ö‡∏≤‡∏ó  ] ‡∏´‡∏°‡πâ‡∏≠‡πÑ‡∏ü‡∏ü‡πâ‡∏≤ ‡∏´‡∏°‡πâ‡∏≠‡∏≠‡πÄ‡∏ô‡∏Å‡∏õ‡∏£‡∏∞‡∏™‡∏á‡∏Ñ‡πå ‡∏´‡∏°‡πâ‡∏≠‡∏°‡∏≤‡∏°‡πà‡∏≤ ‡∏´‡∏°‡πâ‡∏≠‡πÑ‡∏ü‡∏ü‡πâ‡∏≤ 18cm ‡πÑ‡∏°‡πà‡∏°‡∏µ‡∏ã‡∏∂‡πâ‡∏á,‡∏ø92,‡∏Ç‡∏≤‡∏¢‡πÅ‡∏•‡πâ‡∏ß 5.5‡∏û‡∏±‡∏ô ‡∏ä‡∏¥‡πâ‡∏ô
26,‡πÅ‡∏ó‡πâüíØ% Gluta BTO gluta ‡∏Å‡∏•‡∏π‡∏ï‡πâ‡∏≤‡∏ú‡∏¥‡∏ß‡∏Ç‡∏≤‡∏ß (1 ‡∏Å‡∏£‡∏∞‡∏õ‡∏∏‡∏Å),‡∏ø75,‡∏Ç‡∏≤‡∏¢‡πÅ‡∏•‡πâ‡∏ß 790 ‡∏ä‡∏¥‡πâ‡∏ô
27,SMARTHOME ‡πÄ‡∏ï‡∏≤‡∏£‡∏µ‡∏î‡πÑ‡∏ü‡∏ü‡πâ‡∏≤‡πÅ‡∏ö‡∏ö‡πÅ‡∏´‡πâ‡∏á ‡∏£‡∏∏‡πà‡∏ô SDIR-009,‡∏ø219,‡∏Ç‡∏≤‡∏¢‡πÅ‡∏•‡πâ‡∏ß 1.2‡∏û‡∏±‡∏ô ‡∏ä‡∏¥‡πâ‡∏ô
28,‡πÑ‡∏ü‡∏â‡∏≤‡∏¢‡∏Ñ‡∏≤‡∏î‡∏´‡∏±‡∏ß ‡∏™‡∏ß‡πà‡∏≤‡∏á‡∏°‡∏≤‡∏Å 781 LED 200W ‡πÉ‡∏ä‡πâ‡∏á‡∏≤‡∏ô‡∏•‡∏∏‡∏¢‡∏ù‡∏ô ‡∏£‡∏∏‡πà‡∏ô PAE PL-781 ‡πÅ‡∏™‡∏á‡∏™‡∏µ‡∏Ç‡∏≤‡∏ß ‡πÑ‡∏ü‡∏â‡∏≤‡∏¢‡∏Ñ‡∏≤‡∏î‡∏®‡∏£‡∏µ‡∏©‡∏∞ ‡∏£‡∏±‡∏ö‡∏õ‡∏£‡∏∞‡∏Å‡∏±‡∏ô‡∏™‡∏¥‡∏ô‡∏Ñ‡πâ‡∏≤ 1 ‡πÄ‡∏î‡∏∑‡∏≠‡∏ô,‡∏ø145,‡∏Ç‡∏≤‡∏¢‡πÅ‡∏•‡πâ‡∏ß 425 ‡∏ä‡∏¥‡πâ‡∏ô
29,üì¢ ‡πÇ‡∏õ‡∏£‡πÅ‡∏û‡∏Ñ‡∏Ñ‡∏π‡πà ‡∏ä‡∏¥‡πâ‡∏ô‡πÅ‡∏£‡∏Å 1 ‡∏ö‡∏≤‡∏ó ‡∏ä‡∏¥‡πâ‡∏ô‡∏ó‡∏µ‡πà 2 ‡∏•‡∏î‡∏≠‡∏µ‡∏Å 40% ‡∏ó‡∏±‡∏ô‡∏ó‡∏µ ‡∏ó‡∏µ‡πà‡∏´‡∏ô‡∏µ‡∏ö‡∏ú‡∏° CKL719 CKL-719 ‡∏´‡∏ô‡∏µ‡∏ö‡πÄ‡∏á‡∏≤ ‡πÅ‡∏ó‡πâ100% ‚è∞ ,‡∏ø185,‡∏Ç‡∏≤‡∏¢‡πÅ‡∏•‡πâ‡∏ß 24.5‡∏û‡∏±‡∏ô ‡∏ä‡∏¥‡πâ‡∏ô
30,[ ‡πÉ‡∏™‡πà‡πÇ‡∏Ñ‡πâ‡∏î PK83WY ‡∏•‡∏î‡∏™‡∏π‡∏á‡∏™‡∏∏‡∏î 30.- ] (‡∏•‡∏π‡∏Å‡∏Ñ‡πâ‡∏≤‡πÉ‡∏´‡∏°‡πà 1 ‡∏ö‡∏≤‡∏ó) ‡∏´‡∏°‡πâ‡∏≠‡πÑ‡∏ü‡∏ü‡πâ‡∏≤ ‡∏ï‡πâ‡∏° ‡∏ú‡∏±‡∏î ‡πÅ‡∏Å‡∏á ‡∏ó‡∏≠‡∏î ‡∏ï‡∏∏‡πã‡∏ô ‡∏ô‡∏∂‡πà‡∏á 22 CM ‡πÄ‡∏ó‡∏õ‡∏•‡πà‡∏≠‡∏ô,‡∏ø147,‡∏Ç‡∏≤‡∏¢‡πÅ‡∏•‡πâ‡∏ß 4.3‡∏û‡∏±‡∏ô ‡∏ä‡∏¥‡πâ‡∏ô
31,‚úø„Äê‡∏•‡∏π‡∏Å‡∏Ñ‡πâ‡∏≤‡πÉ‡∏´‡∏°‡πà ‡∏•‡∏î 150.-„Äë‡πÄ‡∏Å‡πâ‡∏≤‡∏≠‡∏µ‡πâ‡∏™‡∏ô‡∏≤‡∏°‡∏°‡∏µ‡πÉ‡∏´‡πâ‡πÄ‡∏•‡∏∑‡∏≠‡∏Å 3 ‡∏™‡∏µ ‡πÄ‡∏Å‡πâ‡∏≤‡∏≠‡∏µ‡πâ‡∏õ‡∏¥‡∏Ñ‡∏ô‡∏¥‡∏Ñ ‡πÄ‡∏Å‡πâ‡∏≤‡∏≠‡∏µ‡πâ‡∏™‡∏ô‡∏≤‡∏°‡∏û‡∏±‡∏ö‡πÑ‡∏î‡πâ ‡πÄ‡∏Å‡πâ‡∏≤‡∏≠‡∏µ‡πâ‡∏™‡∏ô‡∏≤‡∏°‡∏û‡∏Å‡∏û‡∏≤ ‡πÄ‡∏Å‡πâ‡∏≤‡∏≠‡∏µ‡πâ ‡πÄ‡∏Å‡πâ‡∏≤‡∏≠‡∏µ‡πâ‡∏û‡∏±‡∏ö‡πÑ‡∏î‡πâ ‡∏™,‡∏ø182,‡∏Ç‡∏≤‡∏¢‡πÅ‡∏•‡πâ‡∏ß 448 ‡∏ä‡∏¥‡πâ‡∏ô
32,‡∏´‡∏π‡∏ü‡∏±‡∏á TWS Bluetooth 5.0 True wireless Touch ‡∏´‡∏π‡∏ü‡∏±‡∏á‡πÑ‡∏£‡πâ‡∏™‡∏≤‡∏¢  Battery display ‡πÄ‡∏õ‡πá‡∏ô‡πÅ‡∏ö‡∏ö‡∏™‡∏±‡∏°‡∏ú‡∏±‡∏™ ‡πÑ‡∏°‡∏î‡πå‡∏ä‡∏±‡∏î‡πÉ‡∏ä‡πâ‡πÑ‡∏î‡πâ‡∏Å‡∏±‡∏ö‡∏ó‡∏∏‡∏Å‡∏£‡∏∏‡πà‡∏ô TWS T13,‡∏ø179,‡∏Ç‡∏≤‡∏¢‡πÅ‡∏•‡πâ‡∏ß 96‡∏û‡∏±‡∏ô ‡∏ä‡∏¥‡πâ‡∏ô
33,[‡∏ñ‡∏π‡∏Å‡∏™‡∏∏‡∏î] ‡∏û‡∏±‡∏î‡∏•‡∏°‡∏ï‡∏±‡πâ‡∏á‡πÇ‡∏ï‡πä‡∏∞ ‡∏Ç‡∏ô‡∏≤‡∏î 6 ‡∏ô‡∏¥‡πâ‡∏ß ‡∏û‡∏±‡∏î‡∏•‡∏°‡∏û‡∏±‡∏ö‡πÑ‡∏î‡πâ 2 ‡∏£‡∏∞‡∏î‡∏±‡∏ö ‡∏û‡∏±‡∏î‡∏•‡∏°‡∏ô‡∏±‡πà‡∏á‡∏ó‡∏≥‡∏á‡∏≤‡∏ô‡∏≠‡∏¢‡∏π‡πà,‡∏ø151,‡∏Ç‡∏≤‡∏¢‡πÅ‡∏•‡πâ‡∏ß 2.3‡∏û‡∏±‡∏ô ‡∏ä‡∏¥‡πâ‡∏ô
34,[‡∏•‡∏π‡∏Å‡∏Ñ‡πâ‡∏≤‡πÉ‡∏´‡∏°‡πà 1 ‡∏ö‡∏≤‡∏ó] 22cm ‡∏´‡∏°‡πâ‡∏≠‡πÑ‡∏ü‡∏ü‡πâ‡∏≤ ‡∏´‡∏°‡πâ‡∏≠‡∏≠‡πÄ‡∏ô‡∏Å‡∏õ‡∏£‡∏∞‡∏™‡∏á‡∏Ñ‡πå ‡∏Ç‡∏ô‡∏≤‡∏î 22 CM,‡∏ø138,‡∏Ç‡∏≤‡∏¢‡πÅ‡∏•‡πâ‡∏ß 17.9‡∏û‡∏±‡∏ô ‡∏ä‡∏¥‡πâ‡∏ô
35,[‡∏•‡∏π‡∏Å‡∏Ñ‡πâ‡∏≤‡πÉ‡∏´‡∏°‡πà 1 ‡∏ö‡∏≤‡∏ó] ‡πÄ‡∏Å‡πâ‡∏≤‡∏≠‡∏µ‡πâ‡∏™‡∏ô‡∏≤‡∏° ‡πÄ‡∏Å‡πâ‡∏≤‡∏≠‡∏µ‡πâ‡∏û‡∏±‡∏ö ‡πÄ‡∏Å‡πâ‡∏≤‡∏≠‡∏µ‡πâ‡∏õ‡∏¥‡∏Ñ‡∏ô‡∏¥‡∏Ñ ‡∏û‡∏±‡∏ö‡πÑ‡∏î‡πâ ‡πÄ‡∏Å‡πâ‡∏≤‡∏≠‡∏µ‡πâ‡∏™‡∏ô‡∏≤‡∏°‡∏û‡∏±‡∏ö ‡πÄ‡∏Å‡πâ‡∏≤‡∏≠‡∏µ‡πâ‡∏ä‡∏≤‡∏¢‡∏´‡∏≤‡∏î ‡πÄ‡∏Å‡πâ‡∏≤‡∏≠‡∏µ‡πâ‡πÅ‡∏Ñ‡∏°‡∏õ‡πå‡∏õ‡∏¥‡πâ‡∏á D80 D81 D82,‡∏ø196,‡∏Ç‡∏≤‡∏¢‡πÅ‡∏•‡πâ‡∏ß 30.5‡∏û‡∏±‡∏ô ‡∏ä‡∏¥‡πâ‡∏ô
36,‡πÄ‡∏Ñ‡∏£‡∏∑‡πà‡∏≠‡∏á‡∏°‡∏∑‡∏≠‡∏ä‡πà‡∏≤‡∏á ‡∏ä‡∏∏‡∏î‡∏õ‡∏£‡∏∞‡πÅ‡∏à‡∏ö‡∏•‡πá‡∏≠‡∏Å 40 ‡∏ä‡∏¥‡πâ‡∏ô ‡∏ä‡∏∏‡∏î‡∏õ‡∏£‡∏∞‡πÅ‡∏à ‡∏õ‡∏£‡∏∞‡πÅ‡∏à ‡∏ã‡πà‡∏≠‡∏°‡∏£‡∏ñ‡∏°‡∏≠‡πÄ‡∏ï‡∏≠‡∏£‡πå‡πÑ‡∏ã‡∏Ñ‡πå ‡∏à‡∏±‡∏Å‡∏£‡∏¢‡∏≤‡∏ô,‡∏ø99,‡∏Ç‡∏≤‡∏¢‡πÅ‡∏•‡πâ‡∏ß 6.5‡∏û‡∏±‡∏ô ‡∏ä‡∏¥‡πâ‡∏ô
37,[‡∏•‡∏π‡∏Å‡∏Ñ‡πâ‡∏≤‡πÉ‡∏´‡∏°‡πà ‡πÉ‡∏ô‡∏£‡∏≤‡∏Ñ‡∏≤1‡∏ö‡∏≤‡∏ó]üçÄADDA PU ‡∏£‡∏≠‡∏á‡πÄ‡∏ó‡πâ‡∏≤‡πÅ‡∏ï‡∏∞‡∏•‡∏≥‡∏•‡∏≠‡∏á‡πÅ‡∏ö‡∏ö‡∏™‡∏ß‡∏° ‡∏£‡∏∏‡πà‡∏ô 7J05M1 üçÄ(‡πÑ‡∏ã‡∏™‡πå 38-45),‡∏ø175,‡∏Ç‡∏≤‡∏¢‡πÅ‡∏•‡πâ‡∏ß 16.4‡∏û‡∏±‡∏ô ‡∏ä‡∏¥‡πâ‡∏ô
38,[‡πÉ‡∏™‡πà‡πÇ‡∏Ñ‡πâ‡∏îSM9945 ‡∏•‡∏î45] ‡∏Ç‡∏±‡πâ‡∏ô‡∏ï‡πà‡∏≥300  22cm ‡∏´‡∏°‡πâ‡∏≠‡πÑ‡∏ü‡∏ü‡πâ‡∏≤ ‡∏´‡∏°‡πâ‡∏≠‡∏≠‡πÄ‡∏ô‡∏Å‡∏õ‡∏£‡∏∞‡∏™‡∏á‡∏Ñ‡πå ‡∏´‡∏°‡πâ‡∏≠‡∏ä‡∏≤‡∏ö‡∏π ‡∏´‡∏°‡πâ‡∏≠‡∏™‡πÅ‡∏ï‡∏ô‡πÄ‡∏•‡∏™ ‡∏û‡∏£‡πâ‡∏≠‡∏°‡∏ã‡∏∂‡πâ‡∏á‡∏û‡∏•‡∏≤‡∏™‡∏ï‡∏¥‡∏Å,‡∏ø140,‡∏Ç‡∏≤‡∏¢‡πÅ‡∏•‡πâ‡∏ß 2.3‡∏û‡∏±‡∏ô ‡∏ä‡∏¥‡πâ‡∏ô
39,‡∏•‡∏π‡∏Å‡∏Ñ‡πâ‡∏≤‡πÉ‡∏´‡∏°‡πà 1 ‡∏ö‡∏≤‡∏ó üí•üí• ‡πÄ‡∏•‡∏∑‡∏≠‡∏Å EMS ‡∏´‡∏£‡∏∑‡∏≠ Kerry ‡πÄ‡∏ó‡πà‡∏≤‡∏ô‡∏±‡πâ‡∏ô!! ‡πÑ‡∏î‡∏£‡πå6268 C‡∏∫B OR JMF‡πÑ‡∏î‡∏£‡πå‡∏à‡∏±‡∏î‡πÅ‡∏ï‡πà‡∏á‡∏ó‡∏£‡∏á‡∏ú‡∏° ‡∏£‡∏∏‡πà‡∏ô 6268 -‡∏Ñ‡∏•‡∏∞‡∏™‡∏µ,‡∏ø169,‡∏Ç‡∏≤‡∏¢‡πÅ‡∏•‡πâ‡∏ß 8.3‡∏û‡∏±‡∏ô ‡∏ä‡∏¥‡πâ‡∏ô
40,‡∏´‡∏π‡∏ü‡∏±‡∏á‡πÑ‡∏£‡πâ‡∏™‡∏≤‡∏¢ ‡∏´‡∏π‡∏ü‡∏±‡∏á‡∏™‡πÄ‡∏ï‡∏≠‡∏£‡∏¥‡πÇ‡∏≠ ‡∏´‡∏π‡∏ü‡∏±‡∏á‡∏ö‡∏•‡∏π‡∏ó‡∏π‡∏ò TWS Wireless bluetooth ‡∏õ‡∏∏‡πà‡∏°‡∏™‡∏±‡∏°‡∏ú‡∏±‡∏™ ‡πÉ‡∏ä‡πâ‡πÄ‡∏õ‡πá‡∏ô‡πÄ‡∏û‡∏≤‡πÄ‡∏ß‡∏≠‡∏£‡πå‡πÅ‡∏ö‡∏á‡∏Ñ‡πå‡∏â‡∏∏‡∏Å‡πÄ‡∏â‡∏¥‡∏ô ‡πÅ‡∏ñ‡∏°‡∏Å‡∏£‡∏∞‡πÄ‡∏õ‡πã‡∏≤,‡∏ø135,‡∏Ç‡∏≤‡∏¢‡πÅ‡∏•‡πâ‡∏ß 502 ‡∏ä‡∏¥‡πâ‡∏ô
41,(‡∏•‡∏π‡∏Å‡∏Ñ‡πâ‡∏≤‡πÉ‡∏´‡∏°‡πà 1 ‡∏ö‡∏≤‡∏ó) ‡∏Å‡∏£‡∏∞‡∏î‡∏≤‡∏©‡∏ó‡∏¥‡∏ä‡∏ä‡∏π‡πà ‡∏¢‡∏Å‡∏•‡∏±‡∏á(1‡∏•‡∏±‡∏á‡∏°‡∏µ40‡∏´‡πà‡∏≠)1‡∏´‡πà‡∏≠‡∏°‡∏µ210 ‡πÅ‡∏ú‡πà‡∏ô ‡πÑ‡∏£‡πâ‡∏ù‡∏∏‡πà‡∏ô ‡∏Å‡∏£‡∏∞‡∏î‡∏≤‡∏©‡πÄ‡∏ä‡πá‡∏î‡∏´‡∏ô‡πâ‡∏≤‡πÑ‡∏°‡πà‡πÄ‡∏õ‡πá‡∏ô‡∏Ç‡∏∏‡∏¢ ‡πÑ‡∏°‡πà‡∏¢‡∏∏‡πà‡∏¢‡∏á‡πà‡∏≤‡∏¢‡∏£‡∏≤‡∏Ñ‡∏≤‡∏ñ‡∏π‡∏Å D40,‡∏ø97,‡∏Ç‡∏≤‡∏¢‡πÅ‡∏•‡πâ‡∏ß 28.3‡∏û‡∏±‡∏ô ‡∏ä‡∏¥‡πâ‡∏ô
42,[‡∏•‡∏π‡∏Å‡∏Ñ‡πâ‡∏≤‡πÉ‡∏´‡∏°‡πà 1 ‡∏ö‡∏≤‡∏ó] 22cm ‡∏´‡∏°‡πâ‡∏≠‡πÑ‡∏ü‡∏ü‡πâ‡∏≤ ‡∏´‡∏°‡πâ‡∏≠‡πÑ‡∏ü‡∏ü‡πâ‡∏≤‡∏≠‡πÄ‡∏ô‡∏Å‡∏õ‡∏£‡∏∞‡∏™‡∏á‡∏Ñ‡πå ‡∏Å‡∏£‡∏∞‡∏ó‡∏∞‡πÑ‡∏ü‡∏ü‡πâ‡∏≤‡πÄ‡∏≠‡∏ô‡∏Å‡∏õ‡∏£‡∏∞‡∏™‡∏á‡∏Ñ‡πå 2‡∏•‡∏¥‡∏ï‡∏£ ‡∏≠‡∏∏‡πà‡∏ô ‡∏ï‡∏∏‡πã‡∏ô ‡∏ï‡πâ‡∏° ‡∏ô‡∏∂‡πà‡∏á,‡∏ø140,‡∏Ç‡∏≤‡∏¢‡πÅ‡∏•‡πâ‡∏ß 454 ‡∏ä‡∏¥‡πâ‡∏ô
43,‡∏õ‡∏•‡∏±‡πä‡∏Å‡πÑ‡∏ü‡∏™‡∏ß‡∏¥‡∏ï‡∏ã‡πå‡πÅ‡∏¢‡∏Å 5 ‡∏à‡∏∏‡∏î 2 ‡∏ä‡πà‡∏≠‡∏á USB ‡∏™‡∏≤‡∏¢‡∏¢‡∏≤‡∏ß 5 ‡∏°.‡∏Ç‡∏≠‡∏á‡πÅ‡∏ó‡πâ 100% ‡∏Å‡∏≥‡∏•‡∏±‡∏á‡∏™‡∏π‡∏á‡∏™‡∏∏‡∏î 250v 2500w ‡∏™‡∏≤‡∏¢‡∏´‡∏ô‡∏≤ ‡∏Ñ‡∏∏‡∏ì‡∏†‡∏≤‡∏û‡∏™‡∏π‡∏á ‡∏£‡∏±‡∏ö‡∏õ‡∏£‡∏∞‡∏Å‡∏±‡∏ô‡∏Ñ‡∏∏‡∏ì‡∏†‡∏≤‡∏û‡∏™‡∏¥‡∏ô‡∏Ñ‡πâ‡∏≤,‡∏ø69,‡∏Ç‡∏≤‡∏¢‡πÅ‡∏•‡πâ‡∏ß 49.8‡∏û‡∏±‡∏ô ‡∏ä‡∏¥‡πâ‡∏ô
44,[‡∏•‡∏π‡∏Å‡∏Ñ‡πâ‡∏≤‡πÉ‡∏´‡∏°‡πà 1 ‡∏ö‡∏≤‡∏ó] ‡πÅ‡∏ö‡∏ï‡∏ï‡∏≤‡πÄ‡∏•‡∏µ‡πà‡∏¢‡∏ô ‡∏õ‡∏±‡∏ï‡∏ï‡∏≤‡πÄ‡∏•‡∏µ‡πà‡∏¢‡∏ô ‡πÅ‡∏ö‡∏ï‡∏ï‡∏≤‡πÄ‡∏•‡∏µ‡πà‡∏¢‡∏ô‡πÑ‡∏£‡πâ‡∏™‡∏≤‡∏¢ KM-418,‡∏ø189,‡∏Ç‡∏≤‡∏¢‡πÅ‡∏•‡πâ‡∏ß 180 ‡∏ä‡∏¥‡πâ‡∏ô
45,‡πÅ‡∏ó‡πâüíØ% Numju Vitamin Whitening Lotion 100 g. The Charming Gargen ‡∏ô‡∏±‡∏°‡∏à‡∏π ‡∏ß‡∏¥‡∏ï‡∏≤‡∏°‡∏¥‡∏ô ‡πÑ‡∏ß‡πÄ‡∏ó‡∏ô‡∏ô‡∏¥‡πà‡∏á ‡πÇ‡∏•‡∏ä‡∏±‡πà‡∏ô ‡πÇ‡∏•‡∏ä‡∏±‡πà‡∏ô‡∏ß‡∏¥‡∏ï‡∏≤‡∏°‡∏¥‡∏ô‡πÄ‡∏Å‡∏≤‡∏´‡∏•‡∏µ,‡∏ø145,‡∏Ç‡∏≤‡∏¢‡πÅ‡∏•‡πâ‡∏ß 25.4‡∏û‡∏±‡∏ô ‡∏ä‡∏¥‡πâ‡∏ô
46,"[ üî• ‡πÇ‡∏Ñ‡πâ‡∏î BDTOO30 ‡∏•‡∏î 30 ‡∏ö‡∏≤‡∏ó  ] ‡∏Å‡∏≤‡∏ô‡πâ‡∏≥ ‡∏Å‡∏≤‡∏ô‡πâ‡∏≥‡πÑ‡∏ü‡∏ü‡πâ‡∏≤ ‡∏Å‡∏≤‡∏ï‡πâ‡∏°‡∏ô‡πâ‡∏≥ ‡∏Å‡∏≤‡∏ï‡πâ‡∏°‡∏ô‡πâ‡∏≥‡πÑ‡∏ü‡∏ü‡πâ‡∏≤ 2‡∏•‡∏¥‡∏ï‡∏£,2.3‡∏•‡∏¥‡∏ï‡∏£",‡∏ø147,‡∏Ç‡∏≤‡∏¢‡πÅ‡∏•‡πâ‡∏ß 25.2‡∏û‡∏±‡∏ô ‡∏ä‡∏¥‡πâ‡∏ô
47,(‡∏•‡∏π‡∏Å‡∏Ñ‡πâ‡∏≤‡πÉ‡∏´‡∏°‡πà 1 ‡∏ö‡∏≤‡∏ó)‡πÑ‡∏°‡πâ‡∏ñ‡∏π‡∏û‡∏∑‡πâ‡∏ô‡∏û‡∏£‡πâ‡∏≠‡∏°‡∏ñ‡∏±‡∏á‡∏£‡∏µ‡∏î‡∏ô‡πâ‡∏≥(‡πÅ‡∏ñ‡∏°‡∏ú‡πâ‡∏≤1‡∏ú‡∏∑‡∏ô) ‡∏ô‡∏ß‡∏±‡∏ï‡∏Å‡∏£‡∏£‡∏°‡πÉ‡∏´‡∏°‡πà ‡πÉ‡∏ä‡πâ‡∏á‡πà‡∏≤‡∏¢‡∏™‡∏∞‡∏î‡∏ß‡∏Å‡∏™‡∏∏‡∏î‡πÜ #m001,‡∏ø37,‡∏Ç‡∏≤‡∏¢‡πÅ‡∏•‡πâ‡∏ß 22‡∏û‡∏±‡∏ô ‡∏ä‡∏¥‡πâ‡∏ô
